epoch,loss,val_loss
0,3.51625028878,3.25890030577
1,3.06801281509,3.04824850297
2,2.82582061782,2.85534532214
